"","fam_group","Total","PCT_renter","moved","move_rate"
"1","1",2411,64.7449191206968,270,11.1986727498963
"2","2",1857,61.9278406031233,124,6.67743672590199
