"","fam_group","Total","PCT_renter","moved","move_rate"
"1","1",320263,75.5198071584916,38498,12.0207454498334
"2","2",236221,67.8449418129633,20275,8.58306416449003
