"","fam_group","Total","PCT_renter","moved","move_rate"
"1","1",299245,70.9435412454678,34642,11.576467443065
"2","2",232342,70.9518726704599,14711,6.33161460261167
