"","fam_group","Total","PCT_renter","moved","move_rate"
"1","1",2577,69.9262708575863,300,11.6414435389988
"2","2",1922,60.9261186264308,154,8.01248699271592
